description,id,hp,mp,str,def,mag_off,mag_def,speed,geology,botany,alchemy,aerobics,acc_slot,cost
MINERAL_RUBY,0,10,0,0,0,0,0,0,0,0,0,0,0,2
MINERAL_SAPHIRE,1,0,10,0,0,0,0,0,0,0,0,0,0,2
MINERAL_PYRITE,2,0,0,1,1,0,0,1,0,0,0,0,0,2
MINERAL_PEARL,3,0,0,0,0,1,1,0,0,0,0,0,0,2
MINERAL_QUARTZ,4,0,0,0,1,0,1,0,0,0,0,0,0,1
MINERAL_ROSE_QUARTZ,5,10,0,0,1,0,1,0,0,0,0,0,0,1
MINERAL_AMETHYST,6,0,10,0,1,0,1,0,0,0,0,0,0,1
MINERAL_FELDSPAR,7,20,0,0,0,0,0,0,0,0,0,0,0,1
MINERAL_EMERALD,8,0,0,2,2,0,0,0,0,0,0,0,0,3
MINERAL_TOPAZ,9,0,0,0,0,2,2,0,0,0,0,0,0,3
MINERAL_MAGNETITE,10,0,0,0,3,0,0,0,0,0,0,0,0,2
MINERAL_PLAGIOCASE,11,1,1,1,1,1,1,0,0,0,0,0,0,1
MINERAL_MICA,12,0,0,0,0,0,0,1,0,0,0,0,0,1
MINERAL_BIOTITE,13,0,0,0,0,0,3,0,3,0,0,0,0,2
MINERAL_OLIVINE,14,0,0,0,0,3,3,0,3,0,0,0,0,2
MINERAL_BERYL,15,0,0,3,3,0,0,0,0,0,0,0,0,2
MINERAL_HALITE,16,0,0,0,0,3,3,0,0,0,0,0,0,2
MINERAL_LAPIS_LAZULI,17,3,3,3,3,3,3,3,3,3,3,3,3,5
,,,,,,,,,,,,,,
