id,name,sprite,width,height,hit_box_height,hit_box_width,gather,gatherlvl,dmg,dmgwaive,hp,mp,str,def,mag_off,mag_def,speed,geology,botany,alchemy,aerobics,acc_slot,cost
0,rose,data/sprites/rosebush.png,32,64,19,9,1,3,1,3,1,0,0,0,0,0,0,0,0,0,0,0,1
1,cactus,data/sprites/cactus.png,32,64,19,9,1,50,20,25,0,0,2,0,0,0,0,0,0,0,0,0,2
2,mint,data/sprites/mint.png,32,20,20,20,1,5,-10,9999,0,1,0,0,0,0,0,0,0,0,0,0,1
3,lavender,data/sprites/lavender.png,32,48,20,32,1,3,0,0,0,0,0,0,1,0,0,0,0,0,0,0,1
4,dandelion,data/sprites/dandelion.png,32,32,10,32,1,0,0,0,0,0,0,1,0,0,0,0,0,0,0,0,1
5,coconut,data/sprites/coco.png,96,256,32,256,1,40,0,0,0,0,0,2,0,0,0,0,0,0,0,0,1
6,clover,data/sprites/clover.png,32,11,11,32,1,0,0,0,0,0,0,0,1,1,0,0,0,0,0,0,1
7,sage,data/sprites/sage.png,32,32,19,9,1,12,-40,9999,2,0,0,0,0,2,0,0,0,0,0,0,1
8,fern,data/sprites/fern.png,27,48,19,9,1,18,0,0,0,0,0,0,0,0,0,3,3,3,0,0,1
