id,name,world_id,type,start_x,start_y,locked
0,chill treasure room,0,1,3,3,0
1,rivers,1,0,0,0,1
2,surf beach,2,0,0,0,0
3,highway 101,3,0,0,0,0
4,beach,4,0,0,0,0
5,water,5,0,0,0,0
6,city,6,0,25,16,0
7,desert,7,0,0,0,0
8,rivers2,8,0,2,5,0
9,rand,9,0,0,0,0
10,dreamy treasure room,10,1,18,19,0
11,island,11,0,0,0,0
12,romance,12,1,24,21,0
13,islandsEntrance,13,0,50,50,0
14,t,14,0,4,4,0
15,testboard,15,1,25,22,0
16,testboard2,15,1,5,4,0
17,rivers3,16,0,69,75,0
18,natural treasure,17,1,17,17,0
19,lovely treasure,18,1,17,30,0
20,islands start,19,0,93,95,0
